id,first_name,last_name,gender,Car,CarModelYear,PurchaseDate
1,Rebecca,Kassidy,Agender,Grand Cherokee,1998,03/21/2019
2,Brook,McLice,Genderfluid,Space,1994,06/05/2018
3,Zora,Denidge,Female,A5,2011,01/21/2009
4,Tarrance,Dunphie,Genderfluid,Talon,1993,01/19/2010
5,Kristos,Duffy,Agender,Camaro,1970,12/28/2018
6,Shandee,Phippin,Bigender,Escalade,1999,04/17/2008
7,Missie,Aimable,Agender,Malibu,2010,01/17/2012
8,Coralyn,Windaybank,Genderfluid,200,1991,10/28/2017
9,Jeanine,Sharland,Female,Caravan,2011,12/14/2020
10,George,Secretan,Genderfluid,SLR McLaren,2007,08/28/2015
11,Freemon,Tilford,Genderfluid,Silverado 2500,2011,10/27/2014
12,Leigh,Middlemiss,Agender,Outlander,2004,08/16/2014
13,Clerc,Rivitt,Female,DBS,2010,02/07/2009
14,Benjamin,Bock,Genderfluid,Bronco,1985,02/05/2020
15,Maggy,Samett,Genderqueer,MX-3,1996,12/23/2008
16,Callean,Sneden,Non-binary,GS,2011,05/30/2006
17,Mirabel,Swatradge,Agender,Grand Prix,1966,06/13/2010
18,Lyon,O' Hern,Male,Suburban 2500,1994,10/07/2018
19,Anatola,Stampe,Genderfluid,GranTurismo,2012,11/14/2017
20,Osmund,Oldknowe,Non-binary,Courier,1988,10/21/2008
21,Midge,O'Neal,Genderfluid,Aero 8,2006,02/25/2021
22,Shellysheldon,Abbie,Female,Prius,2003,12/18/2008
23,Sherlock,Camerati,Bigender,Typ-1,2009,06/24/2010
24,Bayard,Chicchelli,Male,Continental GTC,2012,01/05/2008
25,Marigold,Kempster,Female,Wrangler,1993,08/12/2017
26,Cissiee,Yarnold,Agender,Celica,2001,09/22/2017
27,Marita,Poppleton,Agender,Yukon Denali,2000,11/16/2018
28,Hector,Adam,Non-binary,Prowler,2000,04/16/2021
29,Krisha,Cisland,Genderqueer,Bravada,1992,05/19/2006
30,Erinn,Lawlie,Non-binary,MR2,1993,06/02/2008
31,Randie,Galilee,Male,V40,2000,02/22/2015
32,Robinette,Gipson,Non-binary,745,2005,03/12/2015
33,Raddy,Morde,Polygender,911,1986,03/07/2018
34,Udall,Christensen,Genderfluid,Freestar,2004,11/16/2016
35,Mick,Pattillo,Non-binary,IS F,2008,02/13/2015
36,Quintilla,Geraldini,Agender,Tacoma Xtra,2004,09/10/2017
37,Shirl,Stoffer,Agender,Crown Victoria,2005,08/01/2006
38,Alysa,Iffe,Genderqueer,Vibe,2007,11/22/2012
39,Chicky,Tunsley,Female,R8,2012,12/24/2006
40,Mayne,Mancktelow,Polygender,Bonneville,1999,03/22/2016
41,Dominique,Buttler,Genderfluid,F350,2009,12/18/2019
42,Tabbitha,Scotchmor,Non-binary,Rodeo,2000,04/30/2011
43,Mariejeanne,Begin,Non-binary,Seville,2003,02/02/2009
44,Ulises,Yesinin,Genderqueer,Ghost,2012,04/13/2020
45,Moyra,Kemitt,Genderqueer,626,1985,07/05/2020
46,Sanders,Bleesing,Male,Freelander,2004,01/06/2011
47,Frieda,Seymer,Female,Cobalt,2010,06/06/2012
48,Danya,Carnegy,Bigender,LR4,2012,08/22/2016
49,Arvin,MacCome,Genderfluid,Club Wagon,1997,03/31/2013
50,Merv,Tribe,Male,F150,1997,06/08/2007
51,Tobie,Hucker,Female,Colt Vista,1994,08/06/2006
52,Patricia,Sturt,Genderqueer,Jimmy,1999,10/22/2016
53,Mandie,Chamberlayne,Bigender,Exige,2006,07/29/2016
54,Jeramie,Mizen,Agender,LeSabre,1998,02/03/2014
55,Cami,Jayes,Male,Grand Am,2002,05/21/2017
56,Payton,Darridon,Genderqueer,Legacy,2002,12/08/2009
57,Carline,Chupin,Polygender,Trooper,1992,05/12/2015
58,Marika,Paramor,Agender,Grand Prix Turbo,1990,04/28/2007
59,Ardine,Cushelly,Polygender,Boxster,1998,12/22/2010
60,Em,Ahlin,Agender,430,1990,08/04/2008
61,Olenka,Derisley,Agender,Sierra 2500,2000,01/14/2013
62,Edie,Sandaver,Non-binary,F350,2010,02/05/2020
63,Amory,Lackington,Agender,Voyager,1995,11/25/2010
64,Kariotta,Camelin,Polygender,Grand Marquis,1988,04/15/2021
65,Robbert,Brownlea,Polygender,57,2004,10/09/2011
66,Clare,Sessuns,Genderfluid,Solara,2006,08/18/2020
67,Worth,Biasi,Genderfluid,458 Italia,2011,04/24/2012
68,Ewan,Petre,Genderqueer,F250,1984,01/14/2009
69,Giraud,Broschek,Genderqueer,Tahoe,1997,05/23/2011
70,Chrissie,Henrichs,Bigender,Phantom,2008,10/07/2018
71,Corrinne,Denning,Genderqueer,LS,1996,09/13/2014
72,Uriah,Haryngton,Agender,Maxima,2004,07/26/2012
73,Cletus,Turnpenny,Genderqueer,Sorento,2012,06/02/2013
74,Seumas,Oager,Agender,Touareg,2010,04/10/2007
75,Meredith,Gemnett,Genderqueer,LTD,1986,03/23/2016
76,Issie,Clubley,Female,Discovery,1994,01/18/2013
77,Wyndham,Parren,Agender,Ram Van 1500,2000,09/09/2013
78,Noreen,Kingsly,Genderqueer,Wrangler,2000,04/10/2015
79,Cristy,Vaissiere,Polygender,H1,1994,02/07/2019
80,Gabrielle,Setterthwait,Non-binary,100,1992,07/10/2007
81,Ange,Colbertson,Non-binary,Eclipse,1989,06/05/2008
82,Puff,Ralling,Non-binary,S2000,2008,02/06/2016
83,Maren,McReidy,Genderqueer,Rio,2004,08/09/2016
84,Elicia,Sterte,Genderqueer,Continental,1985,12/22/2007
85,Janna,Vigar,Male,Bronco,1993,01/16/2007
86,Jsandye,Kleeman,Non-binary,Z3,1997,02/02/2012
87,Minny,Pryke,Female,Grand Prix,1968,07/12/2007
88,Cosme,Cauldfield,Polygender,TSX,2010,09/27/2013
89,Cordula,Kilmister,Polygender,CLK-Class,2008,03/14/2011
90,Nicol,Swindle,Genderqueer,Ram Van 1500,2002,04/23/2007
91,Elissa,Hackett,Bigender,A4,2010,08/07/2020
92,Charleen,Dearnley,Non-binary,Integra,1998,12/16/2013
93,Benedict,Dorrance,Bigender,Cherokee,2000,11/22/2017
94,Ephrem,Fosten,Bigender,SX4,2007,11/05/2018
95,Astrix,Mummery,Genderqueer,Cooper Countryman,2012,06/12/2017
96,Nicky,Avory,Non-binary,GTI,1989,08/23/2011
97,Barney,Planke,Male,7 Series,1999,01/10/2018
98,Armand,Filipov,Bigender,F350,2012,05/22/2009
99,Illa,McQuaker,Genderfluid,Sebring,2003,11/26/2012
100,Amble,Deinhard,Genderqueer,Mustang,1994,02/05/2011
101,Leeland,McArte,Non-binary,MDX,2005,07/24/2019
102,Ronnie,Flooks,Polygender,GTO,1992,08/20/2011
103,Mela,Mussetti,Male,Montana SV6,2006,03/16/2019
104,Erin,Parnham,Agender,Yukon,1996,02/01/2015
105,Marlon,Cherrie,Non-binary,Bronco,1995,01/18/2012
106,Lucais,Twaits,Bigender,H2,2007,03/27/2013
107,Gerry,Kurtis,Bigender,Prius Plug-in Hybrid,2012,04/25/2019
108,Arlin,Duham,Female,TundraMax,2009,08/07/2013
109,Malissia,Parsley,Male,Fusion,2013,05/28/2008
110,Donaugh,Vasilkov,Non-binary,F-Series,1989,12/18/2007
111,Jill,Reekie,Genderqueer,T100,1994,08/26/2009
112,Ryan,Meininger,Non-binary,3 Series,2010,02/26/2012
113,Corabelle,Joska,Polygender,Quattroporte,1986,11/11/2013
114,Winfred,McLeoid,Female,S40,2006,08/28/2017
115,Mart,Mager,Female,Veloster,2013,03/26/2016
116,Bradford,Foyle,Polygender,VehiCROSS,1999,09/26/2011
117,Trey,Milbourn,Male,Town Car,1985,09/05/2014
118,Bertie,Kinsell,Genderqueer,Sable,1997,05/17/2006
119,Lindy,Boog,Non-binary,HHR,2007,09/02/2017
120,Doyle,Behning,Genderqueer,Spectra,2003,08/25/2008
121,Aura,Hitschke,Female,F250,2000,10/30/2020
122,Serena,Apthorpe,Bigender,Kizashi,2010,07/24/2015
123,Dierdre,Tissington,Genderfluid,QX56,2010,11/28/2017
124,Elyse,Minot,Female,Town & Country,2003,08/01/2017
125,Jody,Kitcat,Female,XK,2011,06/25/2014
126,Aggy,Fink,Non-binary,Wrangler,2003,11/03/2016
127,Masha,Gourley,Female,S2000,2007,08/27/2007
128,Tiebout,Eatock,Non-binary,240SX,1995,01/03/2019
129,Vevay,Rowswell,Male,S-Series,1994,01/15/2017
130,Othello,Sharratt,Bigender,Rally Wagon 3500,1993,06/01/2014
131,Shayne,Nequest,Bigender,Titan,2004,02/02/2021
132,Donna,Readings,Agender,Focus,2008,11/25/2012
133,Bryn,Ennals,Agender,Solara,2004,07/10/2010
134,Crissy,Singleton,Female,Canyon,2004,05/12/2006
135,Eberhard,Fanthom,Male,Skyhawk,1987,02/09/2021
136,Ora,Spraggs,Bigender,F250,1984,02/25/2017
137,Lief,Easom,Agender,Corvette,1988,03/02/2018
138,Zola,Blunsum,Female,VehiCROSS,2000,05/14/2014
139,Casar,Zmitruk,Bigender,Grand Prix,1978,12/27/2015
140,Banky,Baylay,Agender,200,1991,09/18/2012
141,Elisabet,Phette,Bigender,B-Series Plus,2004,09/11/2008
142,Cinnamon,Day,Female,LX,1999,02/08/2015
143,Reuven,Grzeszczak,Male,LeMans,1990,02/25/2018
144,Jim,Rein,Female,Sonata,1999,04/12/2017
145,Dollie,Kitcherside,Non-binary,Grand Vitara,2003,07/07/2012
146,Angelika,Tomes,Female,Discovery,2006,03/08/2017
147,Nicol,Christall,Genderfluid,Express 2500,2012,06/05/2008
148,Jo ann,Goodhay,Genderfluid,Rabbit,2009,08/15/2019
149,Yorker,Ikringill,Polygender,Yukon,2006,02/13/2017
150,Rolland,Gillise,Polygender,CLK-Class,2007,10/12/2013
151,Lucina,Davidai,Genderqueer,Cabriolet,1995,11/03/2012
152,Emogene,Brook,Agender,C-Class,2007,04/15/2011
153,Bennett,Farraway,Polygender,MKZ,2011,05/17/2018
154,Gerianne,McMorran,Non-binary,Suburban 1500,1995,09/23/2017
155,Prudi,MacFadden,Polygender,Golf III,1993,11/27/2016
156,Willy,Berthon,Female,Colorado,2010,04/19/2016
157,Carmel,Napolitano,Non-binary,Genesis Coupe,2010,01/24/2009
158,Kyla,Cherrett,Genderqueer,Savana 2500,2005,04/18/2013
159,Linn,Godbehere,Genderqueer,XF,2011,07/24/2009
160,Beryl,Copley,Agender,QX,2008,03/30/2019
161,Dorise,Lawlan,Genderqueer,Fleetwood,1994,12/30/2015
162,Rhona,Livard,Genderfluid,Century,2005,03/27/2007
163,Tulley,Irce,Polygender,Eclipse,2001,08/17/2011
164,Christiana,Caudle,Genderfluid,Sierra,2012,04/30/2009
165,Kimberly,Erickssen,Polygender,Yukon,2008,08/16/2015
166,Darice,Jordine,Non-binary,7 Series,1995,01/26/2008
167,Alexi,Yarrall,Male,Explorer,1992,09/16/2018
168,Juana,Dockrill,Male,Explorer,2008,01/13/2018
169,Hilton,Hartman,Agender,300SD,1992,07/18/2008
170,Fenelia,Schneidar,Bigender,M-Class,2000,05/12/2017
171,Addison,Klainer,Genderqueer,LFA,2012,01/16/2014
172,Carie,Walwood,Polygender,Safari,1999,11/11/2006
173,Mindy,Duding,Bigender,G,2007,11/21/2018
174,Gretchen,Curado,Female,Sportage,2008,07/11/2010
175,Clerissa,McGready,Non-binary,Corvette,1953,11/20/2019
176,Eric,Lockton,Male,3 Series,2002,08/27/2013
177,Brew,Cluer,Genderfluid,SL-Class,1995,12/13/2012
178,Lebbie,Somerset,Polygender,Q5,2010,06/13/2016
179,Elsey,Meiklejohn,Agender,M-Class,2011,09/07/2012
180,Mag,Ridolfo,Bigender,Z4,2006,05/12/2009
181,Zedekiah,Bilovus,Polygender,LeSabre,1995,04/17/2012
182,Ellis,Caplin,Non-binary,F150,1992,04/08/2012
183,Vitia,Sarll,Agender,L300,1990,03/17/2014
184,Alwin,Conville,Agender,Grand Am,2005,01/31/2012
185,Cindee,Battany,Female,Discovery,2000,05/07/2015
186,Chaddy,Darlow,Polygender,Silhouette,1998,05/29/2006
187,Gwenette,Pignon,Genderqueer,Cherokee,1997,09/15/2010
188,Lisle,Bukowski,Genderfluid,458 Italia,2011,10/30/2007
189,Danica,Padwick,Genderfluid,Aurora,1998,11/14/2006
190,Carmelia,Wilmott,Bigender,Q,1995,02/21/2011
191,Mariann,Flieg,Agender,TL,1999,02/07/2019
192,Meagan,Ciepluch,Female,E250,2005,11/26/2018
193,Torey,Letixier,Female,F430,2007,02/28/2007
194,Corny,Sarge,Non-binary,Mazda5,2009,08/25/2012
195,Marinna,Camden,Male,Viper RT/10,1993,04/02/2009
196,Cale,Wager,Female,Sonata,2009,02/02/2016
197,Haywood,Rizzo,Bigender,Spider,1994,06/21/2012
198,Stacey,Ibberson,Genderqueer,911,1995,03/09/2016
199,Goldi,Mattei,Agender,8 Series,1996,07/15/2018
200,Elmira,Bonome,Bigender,911,2005,09/29/2006
201,Honoria,Laweles,Agender,CC,2009,10/16/2007
202,Allyce,Roullier,Bigender,California,2010,03/04/2013
203,Tedie,Gilluley,Female,Camry Hybrid,2007,11/30/2012
204,Sterne,Keilty,Non-binary,Odyssey,1995,06/11/2008
205,Tamra,Lakes,Female,Legacy,2003,05/25/2007
206,Novelia,Durram,Genderfluid,Skylark,1985,02/03/2020
207,Mabelle,Buttery,Female,Lancer Evolution,2004,07/06/2013
208,Nataline,Hymas,Male,Civic,2006,03/20/2012
209,Nil,Sherr,Non-binary,S-Type,2000,06/25/2006
210,Taber,Reed,Male,VUE,2007,05/29/2020
211,Dory,Fortune,Female,Armada,2010,02/03/2010
212,Jacenta,Schmidt,Polygender,G6,2005,07/17/2013
213,Adrian,Townrow,Non-binary,Galant,2007,01/01/2016
214,Abeu,Feasby,Genderqueer,A4,2011,10/12/2007
215,Isidor,Gaiter,Male,Mirage,2001,07/25/2010
216,Hastie,Swyne,Non-binary,Boxster,2007,05/04/2012
217,Vere,Jakubski,Bigender,S8,2008,02/05/2010
218,Sioux,Niesegen,Non-binary,Impreza,2012,05/24/2011
219,Hedvig,Birtles,Bigender,XT,1987,08/06/2014
220,Jena,Rangall,Bigender,Malibu,2013,12/28/2012
221,Kelsy,Cockin,Bigender,R-Class,2010,09/30/2015
222,Archambault,McIlvenna,Genderfluid,rio,1997,06/23/2012
223,Robinette,Hadlee,Polygender,S60,2012,05/08/2016
224,Vere,Alves,Genderfluid,Camry,2001,04/08/2012
225,Alwyn,Dogg,Polygender,Previa,1995,04/13/2016
226,Darren,Sherborn,Male,Sedona,2008,12/15/2014
227,Goldarina,Ludovico,Agender,Samurai,1995,11/10/2011
228,Missie,Steptoe,Male,Justy,1991,10/29/2019
229,Redd,Jurasz,Genderqueer,RL,2010,07/08/2009
230,Keriann,Struther,Genderqueer,Sparrow,1999,04/17/2014
231,Reeta,Currum,Genderfluid,LeBaron,1994,10/23/2016
232,Dre,Wardingly,Male,6 Series,2004,08/28/2014
233,Bendick,Hexter,Genderfluid,98,1992,07/06/2019
234,Urbano,Caplis,Male,LS,2007,10/29/2013
235,Nichol,Sager,Genderfluid,Continental,2000,06/20/2009
236,Hermann,Yarrell,Female,Mazda6 Sport,2006,08/04/2009
237,Correy,Norley,Polygender,S2000,2009,02/02/2009
238,Sisile,Tricker,Non-binary,Diablo,1996,03/26/2019
239,Noella,Jillions,Female,C70,2008,11/25/2018
240,Norrie,Van Der Weedenburg,Bigender,Beretta,1995,09/11/2016
241,Davis,Purchon,Polygender,911,1987,10/16/2015
242,Neil,Jentges,Genderfluid,Optima,2012,08/28/2007
243,Graeme,Axcel,Agender,Spirit,1994,07/31/2012
244,Mellisa,Cullimore,Male,Regal,1999,06/23/2008
245,Conni,Windsor,Genderfluid,Cobalt,2006,10/06/2012
246,Johnny,Triggel,Genderqueer,Savana 3500,2005,10/12/2020
247,Yuma,Letterick,Bigender,Sierra 2500,2008,02/05/2019
248,Jacqui,Beauvais,Non-binary,Murano,2006,02/24/2014
249,Winnie,Capeling,Genderqueer,Viper,2004,01/09/2008
250,Gwendolen,Roggero,Male,TrailBlazer,2009,05/14/2020
251,Barbi,Marti,Female,Impreza,2008,08/27/2011
252,Winny,Provis,Male,Camaro,1999,12/29/2019
253,Norton,McSparran,Bigender,Blazer,2001,01/11/2010
254,Corliss,Stampe,Genderfluid,Avalanche 2500,2003,05/09/2019
255,Lorianna,Farr,Male,Regal,2001,05/15/2018
256,Demetri,Partkya,Bigender,Elantra,2009,11/25/2008
257,Laryssa,Jecock,Bigender,Sable,2003,08/26/2012
258,Waldon,Traise,Male,S8,2003,08/23/2009
259,Agnola,Kellington,Non-binary,Countach,1985,05/06/2010
260,Heath,Lowery,Genderqueer,Cougar,1997,03/13/2014
261,Caesar,Firmager,Bigender,Scirocco,1984,12/29/2006
262,Salem,Giacoppoli,Genderqueer,G-Series 1500,1998,03/17/2009
263,Pollyanna,Bichard,Genderfluid,Tacoma,2005,12/14/2010
264,Mohammed,Dainton,Non-binary,LS,2004,07/29/2013
265,Allistir,Gally,Genderqueer,Entourage,2008,08/09/2011
266,Sibyl,Paffitt,Male,Uplander,2008,08/21/2016
267,Chad,Badsworth,Genderqueer,Sky,2007,06/30/2014
268,Gherardo,Castellone,Polygender,3500,1992,03/24/2019
269,Tallou,Rew,Polygender,Catera,2001,04/09/2008
270,Sharyl,Suston,Polygender,Mazda6,2012,02/23/2018
271,Renata,Sandland,Non-binary,Discovery,1994,03/08/2011
272,Mia,Reddie,Genderqueer,LeMans,1988,08/23/2011
273,Dinah,Bourdice,Female,SL-Class,1989,09/20/2016
274,Sallee,Espadero,Genderqueer,SLS-Class,2011,09/05/2012
275,Ban,Visco,Agender,Sportvan G10,1992,01/30/2009
276,Oberon,Glencrosche,Male,Tahoe,1997,01/05/2009
277,Anne-corinne,Stelljes,Genderqueer,530,2005,07/27/2016
278,Sissie,Thew,Genderqueer,Cabriolet,1987,01/11/2020
279,Tomas,Kiessel,Genderfluid,Prius,2010,05/07/2011
280,Concettina,Jiggle,Female,CC,2013,10/02/2007
281,Inge,Crumly,Bigender,1500,1993,10/30/2017
282,Annabell,Hellikes,Genderfluid,Aspen,2008,10/28/2016
283,Amber,Reville,Male,E250,2004,04/30/2013
284,Alexandr,Hughs,Polygender,Ram 2500,2002,02/09/2011
285,Lucio,Clayworth,Non-binary,Pajero,1989,09/03/2014
286,Jessie,Kennelly,Polygender,TSX,2009,11/25/2012
287,Filberte,Georgins,Genderfluid,G,2008,02/24/2012
288,Patric,Mozzetti,Genderqueer,Seville,2002,12/30/2007
289,Katerina,Matussov,Polygender,Corvette,2001,10/09/2006
290,Isidora,Coulton,Agender,W201,1991,11/01/2017
291,Prue,Gilffillan,Female,FX,2009,12/09/2011
292,Hadlee,Treleven,Non-binary,Colorado,2009,06/22/2016
293,Rad,Dugall,Bigender,Arnage,2005,09/06/2006
294,Laurie,Bassingden,Male,New Beetle,2000,03/11/2011
295,Trace,Tremmel,Genderqueer,Quest,2005,10/30/2007
296,Roby,Breazeall,Female,Grand Marquis,1994,07/08/2008
297,Melosa,Byfford,Genderqueer,Veyron,2009,08/16/2017
298,Kendra,Joder,Female,Malibu,2011,05/25/2010
299,Adrian,Mallabar,Non-binary,Mustang,1988,05/11/2007
300,Fields,Cardenas,Agender,6000,1984,11/20/2014
301,Jessamine,Scahill,Bigender,Malibu,2010,08/27/2007
302,Manny,Folliss,Agender,Escalade EXT,2005,03/04/2014
303,Arni,Gellately,Genderqueer,Grand Prix,1989,07/06/2006
304,Bonni,Stivey,Female,Legacy,1995,03/01/2008
305,Pauletta,Endrighi,Genderfluid,530,2004,02/24/2013
306,Lily,Mathis,Female,S2000,2008,10/28/2014
307,Filippa,Cass,Genderfluid,Azera,2008,12/17/2014
308,Shell,Branston,Genderfluid,Colorado,2004,10/17/2015
309,Myriam,Whawell,Agender,G,2011,11/17/2016
310,Gaylene,Coulman,Non-binary,MINI,2002,08/06/2013
311,Bard,Eefting,Bigender,Villager,1993,11/30/2006
312,Madlin,Ferrarini,Agender,Firebird,1997,12/28/2013
313,Shayne,Beincken,Non-binary,7 Series,2001,10/02/2017
314,Reagan,Pacheco,Bigender,Mountaineer,1997,09/16/2018
315,Colene,Mettericke,Male,EXP,1986,10/03/2017
316,Kennett,Robertz,Bigender,Celica,1998,06/02/2020
317,Iver,Hasted,Female,Sonata,2005,10/22/2017
318,Millicent,Laing,Male,928,1994,02/07/2011
319,Dermot,Pizey,Bigender,5000S,1988,09/05/2019
320,Elias,Gammage,Polygender,F150,2001,09/05/2011
321,Kaja,Barti,Female,Golf,1991,02/07/2010
322,Symon,Curnock,Polygender,F-Series,1996,02/15/2019
323,Hamnet,Kingsnoad,Bigender,Accord,1991,12/04/2011
324,Dolf,Chase,Non-binary,F150,1994,07/25/2006
325,Conrad,Laydon,Polygender,Town Car,1990,02/10/2017
326,Norrie,Spender,Genderqueer,Sierra 2500,2007,07/20/2007
327,Korney,Bickell,Bigender,V8 Vantage S,2011,03/26/2009
328,Elissa,Showell,Agender,Pathfinder Armada,2004,05/01/2015
329,Mackenzie,Szachniewicz,Polygender,Legacy,1997,01/03/2021
330,Yves,Shimuk,Genderqueer,Sierra 3500,2006,12/16/2020
331,Emmey,Gonoude,Genderfluid,968,1995,06/01/2015
332,Gino,Bilverstone,Genderqueer,Ipsum,2000,12/24/2015
333,Francyne,Moody,Genderqueer,Element,2010,07/17/2015
334,Nelli,Myles,Agender,911,1994,12/12/2017
335,Sela,Glasman,Polygender,Charger,1969,09/03/2012
336,Francklyn,Landrieu,Genderqueer,Quest,2001,02/26/2009
337,Del,Moreno,Non-binary,Five Hundred,2006,09/14/2008
338,Mimi,Minto,Genderfluid,Patriot,2008,01/08/2016
339,Beale,Murty,Female,Legend,1988,12/30/2017
340,Camila,McReynold,Male,M-Class,2012,02/20/2016
341,Kassie,Rozycki,Non-binary,Savana 2500,2008,02/21/2008
342,Mimi,Whooley,Male,GTO,1969,01/14/2008
343,Honoria,Bonett,Non-binary,100,1990,09/04/2011
344,Renata,Yepiskov,Non-binary,Miata MX-5,2006,10/13/2013
345,Else,Gaylard,Genderqueer,Fifth Ave,1992,04/24/2013
346,Elianora,Masser,Bigender,Savana 1500,2007,01/12/2021
347,Roby,Leetham,Genderfluid,3500,1992,07/01/2007
348,Fergus,Davidzon,Female,5 Series,2004,02/23/2015
349,Lukas,Durban,Bigender,Accord,1993,10/28/2020
350,Janaya,Jori,Non-binary,Suburban 2500,1993,02/22/2019
351,Phaidra,Reese,Non-binary,LR4,2012,09/23/2018
352,Vicky,Easlea,Bigender,Tacoma,2002,09/18/2014
353,Anette,Nolli,Bigender,Taurus,2001,11/06/2014
354,Ronna,Sample,Agender,Montana,2000,01/04/2012
355,Kristin,Wickey,Agender,Sidekick,1991,01/30/2013
356,Rockwell,Elven,Female,Corvette,2006,06/25/2014
357,Lynnelle,Maffiotti,Polygender,Diablo,1995,03/21/2013
358,Hanson,Albertson,Non-binary,Ram 1500,2007,04/10/2010
359,Berna,Pickthorn,Female,Vibe,2005,07/16/2017
360,Tremaine,Berriman,Bigender,S80,2001,01/14/2015
361,Marcellina,Tighe,Agender,Cayenne,2008,08/15/2015
362,Lonny,De Mattia,Non-binary,Mazda6,2009,11/11/2006
363,Roderigo,Trelease,Agender,Accent,2004,09/23/2014
364,Jeni,Quickfall,Non-binary,Insight,2003,09/07/2011
365,Elisha,Dyzart,Non-binary,Durango,2005,11/09/2018
366,Cacilie,Hugonet,Agender,207,2007,09/13/2014
367,Branden,Gait,Genderfluid,Navajo,1994,03/25/2010
368,Carmon,Channer,Agender,XT,1986,12/27/2006
369,Lucius,Lailey,Genderqueer,X5,2005,04/15/2021
370,Glad,Hamp,Genderfluid,LaCrosse,2009,07/18/2015
371,Shoshanna,Ashworth,Non-binary,Gallardo,2006,11/16/2007
372,Marion,Tune,Male,Accord,2000,01/01/2016
373,Erinna,Hammant,Bigender,Tiburon,1999,12/01/2010
374,Jane,Gilyatt,Male,M5,2006,04/20/2010
375,Jannel,Gonnelly,Genderqueer,Mighty Max,1992,04/02/2019
376,Lissi,Joannet,Agender,Accord,1997,01/15/2013
377,Patrizio,Giveen,Female,X6 M,2013,05/25/2008
378,Augie,Schimpke,Bigender,911,2008,08/30/2019
379,Isak,Fridd,Polygender,Pajero,1994,04/12/2017
380,Shaun,Kiossel,Agender,Tundra,2008,09/24/2020
381,Riccardo,Hindrich,Non-binary,Caravan,1996,05/29/2015
382,Son,Pieper,Genderqueer,Explorer,1993,01/04/2014
383,Jazmin,Docksey,Non-binary,Terraza,2007,02/09/2020
384,Dall,Korejs,Polygender,Alcyone SVX,1994,10/09/2008
385,Wylma,Probate,Female,V70,2008,02/24/2011
386,Wallace,Spittall,Male,Century,2001,08/13/2008
387,Trescha,Zamorrano,Female,Space,1993,09/27/2007
388,Amabelle,Pape,Polygender,Aerio,2002,10/14/2012
389,Sharia,Daltry,Male,MX-5,1998,12/03/2009
390,Ebba,Terrington,Bigender,B-Series Plus,1994,06/04/2007
391,Valli,Burtt,Male,RX,2010,04/06/2017
392,Warren,Kohn,Male,MX-5,2003,11/25/2019
393,Ailene,Heggison,Bigender,Suburban 2500,1994,03/25/2008
394,Bertha,Ilyin,Agender,Prius,2012,08/13/2010
395,Ilka,Doud,Polygender,Celica,1992,10/28/2016
396,Rea,Stener,Male,62,2009,07/12/2006
397,Rogerio,Wardingly,Non-binary,Corolla,2003,02/26/2010
398,Rori,Belshaw,Non-binary,Excursion,2002,10/15/2012
399,Minette,Bradmore,Female,Tiburon,1999,12/09/2013
400,Lotty,Keuntje,Female,Grand Cherokee,1999,11/18/2020
401,Tannie,Rashleigh,Male,SL-Class,2003,10/19/2017
402,Stella,Pouton,Agender,Neon,2001,10/04/2017
403,Daisey,Sacco,Bigender,S10 Blazer,1993,04/19/2020
404,Polly,Megahey,Agender,Cougar,1990,01/06/2012
405,Jennie,Kruszelnicki,Male,Outlook,2008,03/27/2008
406,Britney,Wace,Genderqueer,Patriot,2009,04/27/2020
407,Goldy,Puller,Polygender,Savana,2011,01/08/2011
408,Janet,Yacobsohn,Genderfluid,Equinox,2006,05/07/2019
409,Packston,Bruck,Agender,Grand Marquis,1994,09/01/2008
410,Sibilla,Bettley,Female,Ram 1500 Club,1998,02/04/2007
411,Aili,Pfeffle,Polygender,Legacy,1994,02/02/2014
412,Burnard,Chifney,Genderqueer,Voyager,1993,06/12/2010
413,Marinna,Wigglesworth,Male,F350,1996,08/23/2013
414,Korrie,Bellie,Agender,Econoline E250,1999,05/19/2014
415,Carline,Tighe,Female,Golf III,1993,10/05/2006
416,Roddie,Harome,Agender,Forester,2009,09/17/2007
417,Burtie,Pimer,Genderqueer,C-Class,2001,09/07/2019
418,Corny,Storah,Genderfluid,Five Hundred,2006,06/03/2017
419,Tamas,Southcott,Polygender,S6,2010,06/13/2020
420,Glenn,Alberts,Agender,Continental,2008,09/10/2017
421,Tallie,Boots,Genderfluid,QX,2003,08/09/2009
422,Stan,Mattecot,Bigender,Riviera,1996,11/05/2019
423,Reed,Bartel,Male,Tracer,1999,04/17/2014
424,Dennie,Mowbray,Bigender,9-3,2000,03/20/2016
425,Nita,Averies,Polygender,Expedition,2006,09/12/2020
426,Zack,Rogeon,Genderfluid,Century,1984,05/03/2010
427,Phyllida,Worrell,Non-binary,Econoline E250,1999,05/10/2014
428,Mateo,Faughnan,Bigender,S4,2012,03/28/2008
429,Robena,Mackett,Non-binary,SLS-Class,2012,10/09/2015
430,Diane-marie,Kitson,Non-binary,Accent,2009,12/10/2013
431,Drona,Stebbin,Bigender,3500 Club Coupe,1994,03/18/2012
432,Glynnis,Pauwel,Bigender,Yukon XL 2500,2011,08/30/2007
433,Emanuele,Skade,Bigender,Passat,2006,10/24/2017
434,Helaina,Dries,Non-binary,Challenger,1998,08/02/2008
435,Windy,Backs,Male,E-Series,1996,07/12/2008
436,Errol,Westrey,Female,Montero,1993,05/06/2020
437,Ophelie,Gyde,Genderfluid,Legacy,1998,07/06/2018
438,Livvyy,Tripony,Female,Camry,2005,07/05/2010
439,Horatio,Bickerstasse,Agender,F150,2001,05/02/2008
440,Merrill,Gyorgy,Male,GranTurismo,2008,02/03/2008
441,Miguel,Grinstead,Male,Colorado,2009,09/22/2014
442,Bobina,Scourgie,Female,Lanos,2000,09/27/2019
443,Emmery,Ely,Polygender,SL-Class,2001,10/03/2014
444,Sara-ann,Brecknall,Agender,Concorde,1995,05/18/2007
445,Crawford,Mosson,Female,Dakota,2009,11/07/2006
446,Barty,Filyukov,Polygender,Dakota,2004,09/27/2014
447,Lea,Greenroa,Agender,Q,2000,03/06/2017
448,Kassi,Scampion,Female,300M,2001,04/16/2013
449,Merna,Pott,Bigender,F150,1999,01/14/2012
450,Janek,Eldridge,Genderfluid,Precis,1990,06/06/2015
451,Wells,Crisford,Genderfluid,A8,2004,08/30/2017
452,Taber,Mixhel,Polygender,Colorado,2009,04/23/2018
453,Wanids,Staries,Agender,Corvette,1994,06/04/2016
454,Andrey,Woodcraft,Polygender,500,2012,03/31/2021
455,Iona,Phettiplace,Agender,S10,1994,03/18/2017
456,Adrien,Edmunds,Polygender,Cougar,1997,10/31/2015
457,Halley,Fist,Genderfluid,GS,2000,11/28/2019
458,Leupold,Griffitts,Bigender,Mustang,1987,04/04/2007
459,Annabella,Allred,Male,Galant,1988,12/08/2007
460,Storm,Swannie,Bigender,Comanche,1992,04/17/2016
461,Ambrosius,Ball,Agender,Leone,1989,08/30/2017
462,Aurie,Pepperill,Agender,Highlander,2011,03/20/2020
463,Davidde,Lillistone,Male,Corvette,1987,02/10/2015
464,Antonius,Pott,Genderqueer,Express 1500,1999,02/22/2008
465,Lurlene,Summersby,Non-binary,Grand Caravan,2009,01/24/2007
466,Adriena,Blasius,Male,Cutlass Supreme,1992,04/30/2019
467,Corby,Meachan,Non-binary,F250,2000,02/03/2021
468,Nathalia,Da Costa,Non-binary,Sonoma,2004,11/13/2006
469,Honor,Gilfoy,Genderqueer,57,2006,11/07/2010
470,Kippar,Pincott,Agender,Ram 3500,2006,01/15/2009
471,Chico,Cradick,Polygender,Coachbuilder,1991,05/09/2013
472,Elianore,Dean,Genderfluid,Ram 1500,2004,02/01/2015
473,Dena,Frankum,Female,QX56,2009,03/04/2012
474,Xena,Hyder,Genderqueer,G,2004,11/24/2017
475,Stella,Uff,Non-binary,Compass,2012,07/29/2012
476,Kurt,Axon,Genderfluid,Phantom,2010,02/08/2018
477,Babb,Harrod,Agender,Montero,1992,11/07/2011
478,Vannie,Mille,Bigender,riolet,1996,12/21/2010
479,Shandy,Wallenger,Agender,Enclave,2012,05/30/2012
480,Gwenore,Stormonth,Bigender,Sprinter 2500,2012,05/09/2013
481,Kissee,Bagby,Bigender,Quest,2011,01/22/2010
482,Nevins,Moules,Male,RDX,2007,12/23/2020
483,Randal,Feasby,Non-binary,Phaeton,2004,01/03/2012
484,Sigmund,Razzell,Genderfluid,Land Cruiser,2010,04/12/2021
485,Lucine,Caisley,Bigender,Tiburon,2001,06/09/2016
486,Winslow,Edwin,Female,Torino,1970,11/15/2011
487,Marleen,Yarnall,Male,Ram 1500,1996,10/17/2012
488,Sibeal,Burril,Genderfluid,Silhouette,1997,07/14/2010
489,Kippar,Baldack,Female,Flex,2009,02/09/2016
490,Christoffer,Rasher,Genderfluid,Hombre,1998,05/11/2012
491,Montgomery,McMakin,Polygender,E150,2011,07/20/2009
492,Starr,Eldrid,Bigender,Explorer,2000,09/14/2015
493,Lambert,Glowacha,Male,Roadmaster,1993,02/10/2018
494,Benedetto,Quoit,Bigender,850,1997,09/11/2008
495,Dwight,Leighfield,Polygender,Eos,2009,08/07/2015
496,Chester,Gook,Bigender,Z4 M,2009,02/23/2007
497,Alley,Pattillo,Non-binary,Yukon XL 2500,2004,03/12/2011
498,Feliza,Wilmington,Genderqueer,Defender,1997,12/01/2014
499,Webb,Ovill,Genderqueer,Rodeo,2000,10/11/2014
500,Felizio,Enser,Male,Tribute,2005,04/11/2014
501,Koral,Goslin,Polygender,500,2012,10/08/2019
502,Victoria,Welbeck,Bigender,Grand Caravan,2009,09/26/2019
503,Lorita,Hawgood,Genderqueer,Sportage,2006,02/08/2014
504,Omar,Gladtbach,Polygender,i-350,2006,06/10/2009
505,Jojo,Becerro,Agender,I,2003,09/07/2010
506,Hamish,Cheverell,Agender,B2600,1987,07/04/2016
507,Emmit,Ticksall,Polygender,Freelander,2005,09/03/2009
508,Patten,McMillam,Non-binary,Vantage,2009,03/01/2020
509,Newton,Boland,Agender,S-Class,2006,07/22/2008
510,Moina,Mawby,Male,RL,2002,09/08/2020
511,Sean,Spada,Non-binary,Swift,1991,08/27/2008
512,Carie,Lambertazzi,Polygender,Aurora,1996,03/13/2013
513,Anni,Borne,Polygender,TL,2000,04/17/2009
514,Archy,Aizikovich,Genderfluid,Cabriolet,1995,02/12/2012
515,Brad,Lohden,Bigender,Cayenne,2003,04/29/2007
516,Gannon,Scholfield,Genderfluid,S80,2002,01/23/2020
517,Jemie,Krzyzaniak,Polygender,XG350,2002,11/21/2019
518,Hashim,Drable,Genderqueer,Quattroporte,2012,07/11/2014
519,Regan,Goldstein,Female,Corolla,1998,12/30/2016
520,Dukie,Haensel,Agender,Savana 2500,2002,07/14/2018
521,Stesha,Edlyne,Non-binary,XC90,2011,01/09/2018
522,Minna,Kidstoun,Bigender,Escape,2013,07/01/2015
523,Lu,Howard - Gater,Genderfluid,Cooper,2003,10/27/2020
524,Shae,Borg-Bartolo,Genderqueer,Sonoma Club Coupe,1997,02/01/2010
525,Dodi,Moverley,Non-binary,Sienna,2000,03/30/2017
526,Gal,Bass,Male,8 Series,1994,03/28/2020
527,Suzy,Kinmond,Non-binary,S4,2005,08/15/2013
528,Abbie,Dufaur,Genderfluid,CTS-V,2006,06/29/2018
529,Aridatha,Rois,Female,Celica,2005,07/28/2008
530,Cybil,Tenman,Polygender,M-Class,2010,01/08/2015
531,Eloise,Chatelot,Genderfluid,Durango,2004,05/10/2010
532,Josepha,Dreigher,Female,Odyssey,1995,02/19/2020
533,Astrid,Hatherall,Male,Crown Victoria,1994,04/28/2015
534,Laina,Arpur,Genderqueer,SC,1999,04/05/2010
535,Aggi,Garrold,Female,Rapide,2011,05/18/2019
536,Sosanna,Lindro,Non-binary,Tahoe,2007,04/10/2015
537,Leonerd,Treeby,Agender,CL-Class,2003,08/04/2011
538,Jayme,Paule,Bigender,Continental,2009,11/23/2016
539,Thane,Tieman,Male,Forte,2011,07/29/2016
540,Sabrina,Gilby,Agender,Skyhawk,1989,04/21/2017
541,Gabrila,Flucks,Female,Aerostar,1990,01/13/2018
542,Dorie,Bwye,Female,V8,1991,10/19/2008
543,Emmey,Tollmache,Genderfluid,Sedona,2005,06/08/2019
544,Joelly,Addionisio,Male,911,2010,10/24/2014
545,Isaac,Lannen,Male,Aurora,2001,03/19/2016
546,Gregor,Greenside,Polygender,911,1997,03/03/2014
547,Elonore,Aindriu,Polygender,Z4,2011,04/12/2013
548,Gertruda,Atwill,Female,F250,2000,07/21/2010
549,Merrile,Ashall,Non-binary,Firebird Formula,1992,04/08/2013
550,Hurley,Sword,Genderqueer,Ranger,1989,05/30/2019
551,Ferdy,Choppen,Female,LFA,2012,03/02/2017
552,Blinnie,Lind,Male,Grand Caravan,1998,10/04/2020
553,Lavina,Gumm,Male,Sephia,1998,06/24/2008
554,Norine,Ellin,Non-binary,Grand Voyager,1996,01/13/2021
555,Trix,Stodd,Female,4Runner,1998,09/22/2014
556,Brittany,Hurche,Genderfluid,Park Avenue,2003,04/19/2019
557,Robinet,MacAfee,Genderqueer,Altima,2004,04/26/2010
558,Germain,Newband,Genderqueer,Solstice,2007,12/25/2006
559,Boyce,Leat,Genderfluid,E250,2005,12/16/2017
560,Deanne,Simko,Polygender,Murciélago,2010,12/09/2012
561,Lari,Ploughwright,Non-binary,Viper RT/10,1995,06/05/2007
562,Ardys,Applewhaite,Non-binary,Town Car,1999,09/08/2010
563,Gibbie,Jalland,Non-binary,Achieva,1996,10/24/2010
564,Delcine,Itzak,Male,Outback,2012,03/19/2019
565,Jaymee,Rzehor,Genderfluid,Sedona,2006,06/14/2013
566,Gabbie,Pien,Agender,CL,1997,02/03/2007
567,Claudianus,Rowlings,Bigender,Coupe,2005,01/08/2013
568,Mallorie,Leagas,Genderqueer,Windstar,2001,02/12/2013
569,Corny,Bannon,Female,S2000,2008,02/06/2016
570,Joye,Marfe,Genderqueer,R-Class,2006,11/17/2017
571,Chere,Blackborough,Female,Camaro,1998,01/13/2018
572,Albert,Keel,Agender,Escort,2000,04/06/2009
573,Anabelle,Titman,Female,Explorer Sport Trac,2000,03/30/2013
574,Gray,Eccles,Bigender,Thunderbird,2005,12/21/2007
575,Norina,Escale,Bigender,New Yorker,1994,10/20/2020
576,Dian,Bevans,Non-binary,Century,1986,06/16/2019
577,Koralle,Cloughton,Bigender,Equinox,2005,04/16/2015
578,Pearline,Strugnell,Polygender,Econoline E350,1998,04/03/2008
579,Yolanda,Brogini,Genderqueer,Quest,2006,05/25/2015
580,Jean,Lowdwell,Polygender,Mazda3,2010,06/11/2019
581,Raymond,Guiden,Female,Discovery,2007,06/21/2012
582,Germayne,Stormes,Genderfluid,Bravada,2004,07/05/2006
583,Edita,Barke,Male,Escape,2010,01/24/2017
584,Jamey,Livingstone,Genderfluid,Outback,2007,06/27/2006
585,Ermengarde,McLewd,Agender,S8,2002,11/12/2015
586,Coriss,Le Monnier,Agender,Quest,1999,05/25/2013
587,Wallie,Duncombe,Agender,MX-5,1994,10/31/2007
588,Murielle,Yapp,Genderqueer,Cayman,2010,11/10/2017
589,Tilly,Walak,Non-binary,Echo,2002,06/05/2017
590,Nonnah,Poletto,Polygender,Express 3500,2010,02/26/2009
591,Hilarius,Skellington,Genderfluid,Sorento,2004,12/01/2017
592,Chantal,Willas,Polygender,E150,2003,06/13/2016
593,Liam,Rizzelli,Genderqueer,Econoline E250,1995,07/05/2019
594,Alie,Meacher,Male,Concorde,1996,11/24/2011
595,Elsy,Meriott,Genderfluid,Silverado,2011,05/10/2019
596,Dean,Tremmil,Non-binary,RX-7,1985,06/27/2020
597,Bernie,Verrick,Bigender,CR-V,1997,12/19/2011
598,Gerik,Szymon,Non-binary,Legacy,2011,04/29/2018
599,Junia,Mithun,Genderqueer,Pathfinder,1997,05/18/2010
600,Tristan,Kidner,Non-binary,Eclipse,2001,11/01/2016
601,Binny,Lill,Genderqueer,Escort,1988,11/09/2020
602,Hakim,Morrall,Polygender,Xtra,1994,02/21/2012
603,Joscelin,Treen,Genderqueer,9000,1987,08/06/2009
604,Janean,Ropking,Female,370Z,2010,01/03/2019
605,Markus,Bourley,Agender,Explorer Sport Trac,2004,02/08/2014
606,Rhianna,Bigly,Polygender,TT,2003,12/11/2019
607,Estrellita,Woodworth,Female,Murciélago,2005,09/16/2015
608,Price,Georg,Female,Tracer,1995,04/29/2011
609,Wilek,O'Fergus,Polygender,Park Avenue,2005,02/07/2009
610,Theobald,Barriball,Genderqueer,Touareg,2005,12/13/2007
611,Eva,Jedraszczyk,Male,Brat,1985,09/17/2008
612,Nye,Merill,Bigender,E-Series,1993,02/02/2008
613,Kyle,Greenroad,Non-binary,Rio,2011,02/08/2007
614,Gwenore,Desorts,Genderqueer,Camry,2010,03/10/2009
615,Amabelle,Shadfourth,Genderqueer,Amigo,1998,05/16/2008
616,Donelle,Halden,Genderqueer,Protege,2003,07/13/2019
617,Donaugh,Liversidge,Genderfluid,Baja,2006,08/01/2018
618,Emlyn,Bril,Genderqueer,Catera,2000,11/02/2017
619,Arabela,Newbegin,Genderqueer,Caravan,1992,08/01/2015
620,Hillery,Waterland,Genderqueer,Civic,2000,06/20/2008
621,Vanny,Billin,Non-binary,Prelude,1996,08/21/2012
622,Sapphire,Greser,Genderqueer,Yukon,2010,11/24/2017
623,Howie,Sandwick,Polygender,A4,2000,03/25/2019
624,Burnard,Stapele,Male,1500,1999,05/20/2008
625,Staford,Quakley,Genderfluid,Ram Van B250,1992,05/09/2009
626,Pearl,Poinsett,Bigender,XJ,2006,11/24/2008
627,Westley,Farney,Male,Discovery,1994,06/13/2014
628,Ermin,Salleir,Genderfluid,62,2010,06/24/2009
629,Elisabeth,Sargison,Polygender,Impala SS,1995,09/11/2010
630,Ellery,Chrystal,Agender,Camry,2006,04/21/2011
631,Dex,Bartalot,Agender,Starion,1987,07/20/2008
632,Janot,Giraudeau,Male,Fit,2010,02/13/2018
633,Braden,Weall,Bigender,S60,2003,01/02/2014
634,Janna,MacAvddy,Non-binary,Galant,2001,12/05/2012
635,Harley,Gantley,Bigender,Mustang,2003,10/12/2014
636,Padraig,Flores,Non-binary,Land Cruiser,2001,08/28/2019
637,Smith,Ifill,Non-binary,Tacoma,2010,04/20/2013
638,Gannon,Kochel,Agender,Prelude,1992,12/22/2013
639,Lenette,Lukianov,Non-binary,5 Series,1997,02/07/2009
640,Darius,Higgan,Polygender,5 Series,2004,09/13/2014
641,Brynn,Whales,Female,Baja,2003,10/17/2011
642,Fielding,Gawthorp,Polygender,Quattroporte,1985,06/13/2018
643,Jerald,Ryce,Genderfluid,Fox,1989,11/05/2017
644,Trudie,Queenborough,Polygender,APV,1992,11/02/2014
645,Maxie,Greir,Female,F430,2006,08/29/2011
646,Shelagh,Tidbald,Agender,Ram 3500 Club,1996,02/23/2013
647,Janetta,Lightbowne,Non-binary,Concorde,2004,01/07/2018
648,Garvey,Loade,Bigender,Jetta,2001,03/06/2016
649,Redd,Cardoe,Non-binary,3 Series,2005,11/13/2017
650,Krystle,Christopherson,Agender,Amigo,1993,09/30/2014
651,Trumann,Rawlison,Genderfluid,Estate,1989,12/01/2008
652,Trixy,Risbie,Non-binary,J,1997,06/07/2015
653,Dari,Roobottom,Female,Express 1500,2006,10/07/2011
654,Caron,Strete,Agender,Grand Vitara,2002,06/14/2020
655,Urban,Yarnold,Non-binary,E-Class,2008,02/05/2014
656,Grannie,Adamczewski,Polygender,Town Car,1993,08/18/2017
657,Pierce,Tucker,Genderfluid,Classic,2004,10/13/2013
658,Andrej,Hanny,Genderqueer,Montero Sport,1999,08/03/2008
659,Sherri,Bayns,Female,Monte Carlo,1999,05/20/2014
660,Rose,Beany,Bigender,Savana 2500,2003,10/30/2020
661,Chandler,Stadden,Genderfluid,Sunfire,1998,03/14/2007
662,Hilliard,Wass,Agender,W201,1993,02/03/2021
663,Juliana,Philpin,Agender,Avalon,2005,03/06/2008
664,Ragnar,Ollington,Bigender,XK Series,2003,04/25/2020
665,Tessa,Bortolomei,Genderqueer,Murano,2007,06/03/2017
666,Freeland,Lebell,Female,Miata MX-5,1997,11/24/2013
667,Dalis,Dedden,Non-binary,Avalanche 1500,2005,11/17/2020
668,Tallia,Leaning,Male,Silverado 1500,2006,03/05/2017
669,Henriette,Cambell,Male,MKZ,2012,08/17/2020
670,Margalo,Blaik,Bigender,V50,2009,02/09/2020
671,Stanford,Blaw,Agender,940,1992,09/20/2013
672,Quintus,Gibbeson,Polygender,Camaro,1967,03/16/2015
673,Lucian,Witter,Male,GTI,1997,03/16/2007
674,Isabel,Shone,Male,Sedona,2009,11/23/2012
675,Emelia,Pipe,Genderfluid,RL,2009,01/19/2013
676,Camile,Woodcock,Genderfluid,S-Series,2001,05/13/2009
677,Vera,Eates,Polygender,Windstar,2001,08/13/2007
678,Desdemona,Rowesby,Genderfluid,V50,2006,04/14/2013
679,Lynnett,Carous,Genderfluid,E-Class,2009,05/08/2010
680,Hanson,Broadey,Female,G,2012,11/28/2008
681,Zacharie,Straw,Polygender,Cayenne,2009,10/13/2008
682,Delinda,Impson,Non-binary,Passport,1998,06/14/2017
683,Bibbye,Saller,Polygender,Ranger,1994,08/19/2007
684,Dasi,Damp,Female,Patriot,2008,03/03/2011
685,Ermin,Slark,Genderqueer,Ascender,2007,10/19/2018
686,Roland,Nesey,Genderqueer,Continental GTC,2009,02/04/2012
687,Tanhya,Collingham,Genderfluid,Villager,2001,07/15/2007
688,Oswell,Duchesne,Polygender,Viper,2004,08/01/2013
689,Lindsey,Bonnavant,Genderqueer,2e,2009,05/31/2009
690,Hinda,Northam,Genderfluid,3 Series,1996,08/23/2017
691,Dorine,Font,Polygender,911,2002,12/22/2014
692,Hort,Arger,Genderfluid,Pilot,2002,12/17/2018
693,Addie,Beric,Agender,Elantra,1997,01/27/2013
694,Alphonse,Jones,Female,rio,1995,07/28/2016
695,Stanleigh,McCrisken,Agender,Impala,2001,02/25/2011
696,Kandace,Raubenheim,Agender,M5,2006,01/01/2007
697,Jasun,Gerge,Male,Savana 2500,2005,04/02/2013
698,Reinhold,Bristow,Female,Maxima,2011,04/24/2017
699,Arabela,Woodhams,Female,SLK-Class,2009,04/29/2008
700,Alvina,Rozier,Agender,Rendezvous,2003,03/15/2016
701,Auberon,Paddingdon,Non-binary,Murano,2012,02/09/2016
702,Pebrook,Aucutt,Agender,XJ Series,2003,11/15/2016
703,Brod,Kayne,Non-binary,Escalade EXT,2003,04/22/2013
704,Modestine,Cansdall,Polygender,Focus,2010,01/31/2019
705,Donnie,Senecaux,Non-binary,Accord,1997,06/25/2016
706,Lew,Craw,Polygender,LS,1990,06/10/2011
707,Linette,Ovey,Male,Express 2500,2000,06/21/2015
708,Leone,Willas,Polygender,SX4,2011,04/12/2012
709,Marsiella,Huntly,Genderfluid,Blazer,1993,12/24/2018
710,Germaine,Mcwhinney,Bigender,LeSabre,1991,05/09/2006
711,Dona,Olliff,Agender,300E,1993,08/28/2006
712,Nikolaos,Kerin,Agender,M-Class,2005,10/22/2018
713,Stillman,Jefferd,Agender,325,2006,07/09/2006
714,Genvieve,Olyet,Female,S8,2008,03/05/2016
715,Barthel,Fernley,Bigender,Camry,2000,03/09/2017
716,Maxy,Yukhov,Genderfluid,Touareg,2006,10/18/2008
717,Herbie,Germain,Non-binary,GTI,1997,01/24/2008
718,Terra,Ebbett,Bigender,Spyder,2004,10/19/2008
719,Dukie,Gettings,Polygender,Tahoe,2006,03/29/2010
720,Nisse,Auchterlonie,Genderfluid,Laser,1985,05/07/2009
721,Nicolle,Goulborne,Genderqueer,X3,2010,03/27/2018
722,Hilary,Minget,Polygender,Xterra,2008,03/21/2018
723,Glori,Godmer,Non-binary,Sebring,1996,06/13/2020
724,Nata,Infantino,Polygender,A8,2001,09/06/2019
725,Libbie,Endean,Male,Eclipse,2011,08/10/2009
726,Brant,Giron,Agender,Type 2,1990,11/29/2019
727,Martyn,Passie,Agender,Range Rover,2005,06/07/2006
728,Ranna,Banker,Agender,Bronco II,1984,02/04/2007
729,Gabrila,Tansley,Male,Econoline E350,2000,10/03/2007
730,Klaus,Douty,Female,650,2006,07/09/2016
731,Alyssa,Cosson,Female,Grand Marquis,2005,10/23/2010
732,Rice,Djekic,Non-binary,Colorado,2004,08/09/2013
733,Maurizia,Mourton,Female,RL,1997,10/10/2013
734,Harlene,Mabbutt,Genderqueer,Grand Cherokee,1994,05/26/2010
735,Irwin,Gurko,Genderfluid,Mustang,1970,06/27/2011
736,Jourdan,Abbyss,Agender,Range Rover,1996,12/29/2018
737,Dniren,Roddell,Non-binary,Golf,1986,10/03/2008
738,Flossie,Andriesse,Polygender,Blazer,2002,04/19/2012
739,Cariotta,Perkins,Polygender,A4,2012,05/31/2012
740,Vin,Penkethman,Non-binary,Grand Marquis,1997,04/03/2009
741,Humbert,Flounders,Female,Savana 1500,2006,06/10/2017
742,Ephrem,Cutmore,Agender,Protege,2003,03/28/2010
743,Blondy,Cullington,Agender,Sorento,2004,03/28/2019
744,Genny,Carrigan,Bigender,Jetta,2003,09/01/2018
745,Charline,Nobles,Bigender,I,2002,11/17/2020
746,Victoria,Damarell,Genderqueer,9000,1994,08/27/2020
747,Gwendolen,MacArthur,Female,Coupe GT,1986,04/09/2009
748,Mellisa,Brickwood,Genderqueer,Prelude,1996,09/19/2016
749,Clarence,Measham,Genderfluid,LeBaron,1992,10/01/2014
750,Gail,Jeram,Genderfluid,H2,2004,12/20/2008
751,Petra,Caldairou,Non-binary,MKX,2012,07/24/2018
752,Humfried,Nutley,Genderfluid,Park Avenue,1995,07/11/2012
753,Desiree,Rothchild,Genderqueer,Q,2000,06/11/2018
754,Fred,Woodings,Polygender,Santa Fe,2007,05/01/2019
755,Fayina,Scafe,Non-binary,Dakota,1998,10/22/2008
756,Vania,Uttridge,Non-binary,Park Avenue,1996,03/31/2012
757,Julissa,Attwool,Genderqueer,Range Rover,1995,01/08/2020
758,Analiese,Linke,Genderfluid,Allroad,2005,02/02/2010
759,Geoffrey,Pierucci,Genderqueer,Corolla,1997,04/07/2017
760,Estrella,Fullegar,Genderfluid,Tempest,1967,03/29/2018
761,Gianna,Estick,Non-binary,911,2000,06/15/2019
762,Harland,Grimsdith,Genderfluid,I,2004,12/01/2020
763,Gaby,Escoffrey,Polygender,F430,2008,03/24/2012
764,Elvira,Wittke,Non-binary,Continental,1985,02/07/2015
765,Romeo,Folling,Male,Taurus,1999,12/02/2015
766,Eryn,Lindwall,Bigender,Crossfire,2006,08/20/2009
767,Waite,Scroggie,Non-binary,Esteem,2001,07/13/2006
768,Gizela,Scrase,Bigender,9000,1990,05/19/2016
769,Conrad,Piggens,Agender,Silhouette,1997,03/21/2019
770,Keely,Bercevelo,Genderfluid,Taurus X,2008,10/11/2017
771,Papageno,Riddeough,Bigender,928,1986,05/25/2012
772,Dacie,Eringey,Male,Montana,2003,12/23/2010
773,Cara,Sperring,Male,Ranger,1992,04/12/2011
774,Merrielle,Leel,Non-binary,Dakota Club,2001,04/03/2010
775,Bee,Chatelain,Genderfluid,Express 3500,2011,12/03/2009
776,Cammy,Dowears,Bigender,Montana,1999,12/04/2013
777,Willamina,Goater,Genderfluid,S60,2004,10/06/2008
778,Alla,Thackeray,Female,Impreza,1998,11/05/2017
779,Clara,Bonny,Genderfluid,Corolla,1995,12/22/2014
780,Jada,Duffet,Genderqueer,Mirage,1990,12/15/2015
781,Giovanni,Lapthorne,Agender,Sprinter 3500,2012,10/23/2014
782,Vanna,Samarth,Genderqueer,Ridgeline,2008,12/29/2011
783,Oby,Webber,Agender,S-Class,2002,02/25/2008
784,Quentin,Dagnan,Agender,SC,2009,10/10/2018
785,Jobey,Springthorp,Bigender,350Z,2003,01/17/2012
786,Lynn,Greenall,Male,Element,2005,04/25/2016
787,Pietro,Clymo,Agender,Town Car,2003,06/28/2008
788,Celinka,Possel,Female,Seville,1999,10/16/2009
789,Starlin,Domesday,Polygender,Sequoia,2009,10/17/2011
790,Katrine,Birdwhistell,Agender,Corvette,1967,03/09/2019
791,Loreen,Gresswood,Genderfluid,Continental,1998,08/29/2012
792,Josh,Hogbin,Polygender,Voyager,1985,10/02/2006
793,Garrott,Umney,Male,Altima,1993,06/02/2007
794,Yoshi,Troy,Genderfluid,Montero,1994,12/26/2016
795,Orion,Simnor,Female,Sportage,2009,10/01/2014
796,Royall,Barnewall,Male,GTI,1999,08/15/2015
797,Letizia,Dargie,Non-binary,SL65 AMG,2006,07/01/2012
798,Valle,Fosse,Male,Matrix,2004,06/27/2014
799,Claiborn,Ivashinnikov,Polygender,V40,2000,06/23/2016
800,Inger,Birdwhistle,Bigender,Silverado,2002,06/04/2015
801,Aline,Niemiec,Non-binary,IS F,2011,05/10/2020
802,Biddy,Veale,Polygender,SC,2010,07/01/2007
803,Pace,Taylorson,Agender,Tucson,2010,03/02/2010
804,Carilyn,Franc,Bigender,SJ 410,1986,09/07/2017
805,Georgeta,Fidgeon,Male,Trans Sport,1996,08/19/2011
806,Rebbecca,Carlton,Non-binary,Safari,1998,06/06/2008
807,Nelie,Bothram,Genderfluid,ES,2007,08/20/2017
808,Emelda,Tuffrey,Bigender,Camry,2010,04/10/2017
809,Ronnica,Lerer,Bigender,xB,2006,12/09/2018
810,Leonidas,Beamiss,Female,Outback,2003,04/25/2020
811,Casey,Jenman,Bigender,Cayenne,2008,11/06/2017
812,Emera,Terrell,Female,Avalanche 1500,2003,06/18/2013
813,Shalom,Kingham,Bigender,XL-7,2008,04/05/2018
814,Alida,Doughartie,Genderqueer,Outlander,2008,10/05/2013
815,Lanie,Rucklesse,Genderfluid,Express 2500,2006,06/22/2014
816,Hunt,Rickson,Agender,Econoline E150,1999,10/21/2017
817,Graeme,Brimner,Genderqueer,Aurora,1998,12/19/2020
818,Bennie,Thirst,Non-binary,Challenger,2008,02/28/2021
819,Prentice,Haddock,Genderfluid,Century,1987,09/21/2020
820,Alissa,Baleine,Bigender,Cordia,1985,04/19/2009
821,Riley,Le-Good,Female,Impreza,1994,12/02/2017
822,Emmy,Ellaway,Male,Tercel,1998,04/23/2013
823,Aggie,Swetland,Polygender,300SL,1993,12/20/2006
824,Edgardo,Cudby,Genderqueer,Escalade,2006,07/22/2009
825,Marjory,Arni,Polygender,LaCrosse,2010,11/09/2007
826,Anna-maria,Woodford,Polygender,SC,2003,12/10/2016
827,Clarita,Deuss,Bigender,Stratus,1999,01/17/2019
828,Sibyl,Drage,Agender,MX-5,2008,10/05/2011
829,Marji,Nellis,Bigender,Electra,1985,03/17/2021
830,Barthel,Philliphs,Polygender,Riviera,1999,07/04/2009
831,Gasper,Diviny,Female,62,2008,01/29/2013
832,Kelwin,Jentges,Male,Escape,2005,02/28/2008
833,Suzie,Olwen,Genderqueer,S-Type,2004,10/02/2009
834,Mar,Capozzi,Agender,5 Series,2012,09/15/2010
835,Marie,Ebbing,Bigender,Savana 1500,2002,12/14/2012
836,Barnard,Sandilands,Agender,Seville,1995,05/08/2010
837,Maire,Whiffin,Non-binary,GTI,2004,09/25/2018
838,Raychel,Hemms,Female,Silverado 2500,2007,07/24/2019
839,Lenard,Glencorse,Female,LX,1999,10/15/2008
840,Juliet,Schimon,Female,200,2011,08/10/2009
841,Marla,Gratrex,Polygender,Savana,2007,11/10/2018
842,Tomasine,Sharply,Polygender,Diablo,1993,03/02/2017
843,Guthrie,Gomersall,Genderqueer,LeSabre,1985,11/07/2014
844,Corina,Petrishchev,Non-binary,Escape,2005,12/30/2012
845,Fawnia,Catterson,Agender,GranTurismo,2010,04/01/2019
846,Adriaens,Server,Bigender,600,1957,09/17/2011
847,Karoly,Cartmael,Agender,G-Series G20,1993,02/06/2014
848,Vincenz,Lesper,Genderqueer,Liberty,2003,06/23/2008
849,Sonnie,Wanley,Genderfluid,G35,2006,11/22/2009
850,Helsa,Oxbrough,Bigender,Passat,1992,11/07/2016
851,Robers,Rowlinson,Male,CTS-V,2012,08/02/2010
852,Kalinda,Johnsee,Bigender,Savana 1500,2007,05/02/2010
853,Yulma,Mumberson,Female,Escalade EXT,2003,08/16/2017
854,Bobbette,Cranna,Genderqueer,Yukon XL 1500,2007,09/11/2016
855,Herminia,Tidder,Non-binary,RL,1997,03/16/2009
856,Honor,Heads,Genderfluid,Flex,2011,03/23/2009
857,Elvyn,Crossthwaite,Polygender,Baja,2003,07/25/2010
858,Emmaline,Ucchino,Male,Tiguan,2011,06/04/2017
859,Lemuel,Hemphall,Male,Tracker,2001,01/13/2016
860,Nichole,Pendleton,Polygender,Fusion,2008,05/15/2019
861,Cecil,Phinn,Non-binary,V50,2006,02/08/2008
862,Carly,Joscelyne,Bigender,Swift,1994,02/16/2020
863,Kane,Merrigan,Genderqueer,Prowler,2002,12/28/2008
864,Darrelle,Garatty,Genderfluid,Malibu,2012,01/06/2015
865,Wendy,Heyward,Genderfluid,Montero Sport,2002,08/18/2006
866,Jobina,Vosse,Genderqueer,TSX,2006,03/04/2014
867,Vaclav,Skepper,Non-binary,3500,1999,11/28/2018
868,Desirae,Nerne,Polygender,DeVille,1993,05/19/2018
869,Raven,Ghidotti,Female,Town & Country,2011,03/14/2007
870,Foss,Virgo,Female,Ram Van B150,1994,06/24/2008
871,Teodora,Naish,Female,Sidekick,1998,06/22/2008
872,Belicia,Casaccia,Polygender,G35,2007,01/23/2016
873,Redford,Fielden,Genderqueer,Econoline E250,1992,06/27/2006
874,Danya,Martinelli,Polygender,RL,2007,12/20/2010
875,Stanislaus,Nicolson,Female,Land Cruiser,2006,01/26/2009
876,Baxie,Sivill,Male,Sidekick,1996,02/07/2012
877,Merrili,Veighey,Female,Rally Wagon 1500,1993,10/18/2010
878,Gloria,Kenion,Non-binary,A4,2012,11/27/2007
879,Joye,Semered,Genderqueer,Navajo,1991,07/30/2013
880,Nataniel,Verney,Bigender,Silverado 2500,2006,10/16/2019
881,John,Bollin,Genderqueer,Continental,2009,08/25/2008
882,Giusto,Ville,Genderqueer,Ram,2011,05/28/2013
883,Jase,Artus,Agender,Range Rover Sport,2012,10/15/2009
884,Cristen,De Witt,Female,Outlander,2011,02/21/2013
885,Scarlet,Wessing,Bigender,Brooklands,2009,11/28/2015
886,Natka,Siely,Agender,Passport,1996,08/08/2007
887,Lorrie,Sketch,Genderfluid,Insight,2006,05/24/2020
888,Denice,Cockroft,Non-binary,Accord Crosstour,2010,09/18/2008
889,Boone,Ancliffe,Genderqueer,Thunderbird,1995,10/28/2009
890,Bert,Shephard,Polygender,164,1993,02/07/2013
891,Charmian,Cazin,Female,PT Cruiser,2009,05/31/2020
892,Lexy,Bloy,Male,911,2009,05/06/2020
893,Rainer,Tomkys,Genderqueer,G-Series 1500,1998,08/05/2006
894,Walliw,Whelpdale,Male,Explorer,1992,07/22/2013
895,Stesha,Tubridy,Polygender,Camry,1996,02/06/2015
896,Petra,MacCallam,Bigender,Viper,1997,11/08/2006
897,Xaviera,Fitzpayn,Non-binary,Explorer,2006,02/16/2021
898,Kakalina,Earwicker,Bigender,Astro,2004,04/19/2009
899,Amie,Senter,Male,Navigator,2002,08/16/2011
900,Nicholle,Treat,Agender,Jimmy,2000,01/29/2015
901,Jenny,Flowerdew,Genderfluid,Escape,2006,07/25/2016
902,Chandler,Daud,Female,JUKE,2011,04/25/2007
903,Petronia,Paszek,Female,SLK-Class,2009,09/09/2015
904,Bridget,Jeune,Genderqueer,LTD Crown Victoria,1989,09/05/2011
905,Philip,McGreary,Polygender,626,1998,02/14/2009
906,Nathanial,Chansonne,Polygender,MKT,2010,09/01/2016
907,Shelden,Haines,Female,Sierra 3500HD,2006,01/11/2019
908,Brandais,Albinson,Polygender,S5,2011,04/14/2017
909,Margarette,Seedull,Bigender,Laser,1985,02/26/2008
910,Anson,Reignould,Polygender,Sprinter,2009,04/01/2013
911,Garrek,Goede,Agender,Festiva,1988,05/10/2009
912,Shanon,Ainsbury,Male,F-Series,2010,12/05/2015
913,Charil,Mac Giany,Male,Gemini,1988,08/14/2016
914,Paola,Secretan,Agender,Mustang,1995,08/21/2020
915,Shaine,Diehn,Bigender,Z4,2008,12/29/2019
916,Genvieve,Jodrelle,Bigender,STS-V,2009,12/22/2015
917,Anstice,China,Bigender,Explorer Sport Trac,2000,06/21/2013
918,Rudiger,Doohan,Bigender,Mountaineer,1999,11/14/2010
919,Gaven,Satterly,Polygender,Tacoma Xtra,2002,01/01/2021
920,Lusa,Haddeston,Female,Land Cruiser,2005,10/26/2015
921,Tedda,Feechan,Non-binary,Cooper Clubman,2010,07/29/2018
922,Dewain,MacCrossan,Genderqueer,325,2005,07/22/2014
923,Niko,Bettison,Genderqueer,3500,1999,05/01/2013
924,Rosemarie,Girk,Genderfluid,Aspen,2008,10/23/2008
925,Maia,Akehurst,Genderfluid,Outback Sport,2002,04/02/2017
926,Cordie,Gobel,Non-binary,Eurovan,2002,06/09/2018
927,Fonsie,Warstall,Non-binary,E-Class,1990,05/22/2010
928,Leta,Cornehl,Genderqueer,Express 2500,1998,07/09/2006
929,Elsy,Giampietro,Bigender,Type 2,1988,02/18/2020
930,Pearle,Mattheeuw,Genderfluid,Passat,2006,03/31/2010
931,Gipsy,Jackson,Non-binary,Malibu,2003,08/04/2007
932,Sheri,Van der Baaren,Bigender,Seville,2004,07/08/2015
933,Marylinda,Higford,Female,Amigo,1998,10/09/2020
934,Patric,Matiewe,Genderfluid,Tundra,2011,03/14/2014
935,Darlene,Asgodby,Genderqueer,NV2500,2012,07/05/2007
936,Jacquelyn,Inett,Non-binary,Civic,1992,06/03/2015
937,Kattie,Weins,Non-binary,Intrepid,1995,04/30/2011
938,Cilka,Babber,Non-binary,Civic,1989,05/07/2016
939,Maridel,Madner,Polygender,Rally Wagon G3500,1996,03/22/2014
940,Lock,Tremathick,Agender,Ciera,1995,03/04/2007
941,Jasper,Beedle,Genderqueer,E-Series,1995,04/29/2007
942,Asa,Cheshire,Male,Vandura 3500,1993,10/23/2009
943,Joanie,Burrow,Female,Navigator,2006,01/16/2008
944,Lexi,Crilly,Genderqueer,GL-Class,2011,11/29/2016
945,Nanette,Dy,Genderqueer,Sienna,2012,12/23/2008
946,Bernete,Gilbert,Genderqueer,Parisienne,1984,07/25/2018
947,Anastassia,Chasier,Genderqueer,Wrangler,2001,05/26/2013
948,Constanta,Brownbridge,Bigender,Milan,2011,04/28/2016
949,Bell,Dibdale,Bigender,XC60,2009,04/08/2015
950,Aurea,Gascoine,Non-binary,Rodeo,1992,11/01/2018
951,Carolyne,Waggitt,Female,H1,1993,06/23/2010
952,Levon,Dellit,Bigender,Astro,1999,05/02/2019
953,Mabelle,Aylin,Non-binary,VS Commodore,1997,05/04/2014
954,Ediva,Faill,Female,Patriot,2010,02/10/2019
955,Ruby,Tranmer,Agender,MX-5,2009,04/10/2020
956,Daron,Lufkin,Male,Silhouette,1995,07/30/2019
957,Luelle,Rosenbarg,Polygender,Range Rover,1990,02/13/2009
958,Rayna,Yankeev,Agender,LX,1998,12/08/2019
959,Phillipp,Rewcassell,Female,Continental GT,2010,06/06/2016
960,Ario,Bedells,Genderfluid,300CE,1992,06/07/2015
961,Fanny,Duchatel,Agender,S4,2005,03/11/2013
962,Dwain,Fanning,Genderqueer,Legacy,1990,03/20/2014
963,Randell,Keach,Polygender,Prius,2001,07/09/2011
964,Venus,Kidney,Genderfluid,Bronco,1990,05/16/2014
965,Winonah,Bessent,Agender,Ram 2500 Club,1999,02/28/2008
966,Arabelle,Nannoni,Polygender,Lancer,2007,06/25/2017
967,Vlad,Millen,Genderfluid,Explorer Sport Trac,2005,09/11/2010
968,Annabela,Trevaskiss,Male,RSX,2005,06/23/2013
969,Ottilie,Thaller,Non-binary,Grand Prix,1983,09/24/2008
970,Tatiana,Dopson,Non-binary,Camaro,1978,11/16/2011
971,Hagan,Kryzhov,Male,S-Type,2007,12/07/2015
972,Neely,MacColm,Non-binary,3000GT,1995,07/05/2010
973,Otha,Lyffe,Polygender,Avalanche 1500,2005,09/26/2018
974,Tressa,Redholls,Genderfluid,Stealth,1992,03/12/2020
975,Minni,Farnish,Agender,C/V,2012,04/28/2017
976,Muffin,Rawstron,Non-binary,ES,1995,06/29/2012
977,Shep,Lidgard,Female,Oasis,1998,11/03/2019
978,Frazer,Harper,Genderfluid,Odyssey,2012,03/20/2007
979,Shara,Dmytryk,Male,ZX2,2002,09/19/2010
980,Romeo,McGroarty,Female,Civic,1997,05/10/2008
981,Eward,Igonet,Agender,Stratus,2003,01/06/2009
982,Melessa,Losel,Polygender,Regal,1994,05/17/2006
983,Avie,Opfer,Agender,530,2007,05/10/2006
984,Ingmar,Loyley,Polygender,riolet,1996,02/24/2015
985,Alyse,Raddenbury,Bigender,Model T,1909,02/14/2019
986,Galven,Kulic,Genderfluid,Tracer,1995,03/16/2012
987,Lurleen,Zeal,Non-binary,LX,1996,06/03/2014
988,Dierdre,Hapgood,Genderqueer,Grand Cherokee,1999,02/16/2016
989,Darb,Wagerfield,Genderqueer,LHS,2000,05/13/2017
990,Hope,Murra,Agender,C-Class,2011,11/20/2012
991,Monro,Playford,Bigender,Corvette,1994,12/03/2008
992,Ulrike,Laidler,Bigender,Caliber,2008,06/29/2015
993,Mort,Ashpital,Male,Ridgeline,2008,03/19/2013
994,Ira,Coke,Bigender,RAV4,2010,02/06/2016
995,Elysee,Baughen,Genderfluid,Sienna,2004,12/23/2010
996,Hattie,Paty,Bigender,ES,1994,04/13/2017
997,Vaughan,Ottey,Genderqueer,929,1988,10/29/2018
998,Shelley,Swainger,Male,GTI,2008,08/13/2006
999,Prent,Frere,Genderqueer,Land Cruiser,2011,09/18/2013
1000,Boone,Harrie,Agender,LTD,1984,07/23/2012
